months_as_customer,age,policy_number,policy_deductable,policy_annual_premium,gender,capital-gains,capital-loss,incident_severity,incident_city,damage_property,bodily_injuries,witnesses,police_reported,total_claim_amount,fraud,auto_year
328,48,521585,1000,1406.91,1,53300,0,1,1,1,1,2,1,71610,1,2004
228,42,342868,2000,1197.22,1,0,0,2,2,0,0,0,0,5070,1,2007
134,29,687698,2000,1413.14,0,35100,0,2,1,0,2,3,0,34650,0,2007
256,41,227811,2000,1415.74,0,48900,-62400,1,3,0,1,2,0,63400,1,2014
228,44,367455,1000,1583.91,1,66000,-46000,2,3,0,0,1,0,6500,0,2009
256,39,104594,1000,1351.1,0,0,0,1,3,0,0,2,0,64100,1,2003
137,34,413978,1000,1333.35,1,0,-77000,2,5,0,0,0,0,78650,0,2012
165,37,429027,1000,1137.03,1,0,0,3,1,0,2,2,1,51590,0,2015
27,33,485665,500,1442.99,0,0,0,3,3,0,1,1,1,27700,0,2012
212,42,636550,500,1315.68,1,0,-39300,3,6,0,2,1,0,42300,0,1996
235,42,543610,500,1253.12,0,38400,0,3,4,1,2,2,0,87010,0,2002
447,61,214618,2000,1137.16,0,0,-51000,1,5,1,1,2,1,114920,0,2006
60,23,842643,500,1215.36,1,0,0,3,4,1,1,0,0,56520,0,2000
121,34,626808,1000,936.61,0,52800,-32800,2,5,0,1,1,0,7280,0,2010
180,38,644081,2000,1301.13,0,41300,-55500,3,5,0,0,2,1,46200,1,2003
473,58,892874,2000,1131.4,0,55700,0,1,6,1,0,0,0,63120,1,1999
70,26,558938,1000,1199.44,1,63600,0,1,2,0,1,2,1,52110,0,2012
140,31,275265,500,708.64,1,53500,0,3,4,0,0,2,1,77880,0,2015
160,37,921202,500,1374.22,0,45500,-37800,3,7,1,1,0,0,72930,0,2015
196,39,143972,2000,1475.73,0,57000,-27300,1,1,0,2,0,0,60400,0,2014
460,62,183430,1000,1187.96,1,0,0,2,1,0,1,0,0,47160,0,2011
217,41,431876,2000,875.15,0,46700,0,3,3,0,1,2,0,37840,0,1996
370,55,285496,2000,972.18,1,72700,-68200,1,6,0,0,0,1,71520,1,2000
413,55,115399,2000,1268.79,1,0,-31000,3,4,0,2,2,0,98160,1,2011
237,40,736882,1000,883.31,1,0,-53500,2,2,0,1,3,0,77880,0,2005
8,35,699044,2000,1266.92,1,0,0,1,3,0,1,3,1,71500,1,2006
257,43,863236,2000,1322.1,1,0,-29200,2,3,1,1,3,1,9020,0,2005
202,34,608513,500,848.07,1,31000,-30200,2,7,1,2,1,0,5720,1,2003
224,40,914088,2000,1291.7,0,0,-55600,2,4,0,1,0,1,69840,0,2009
241,45,596785,2000,1104.5,0,0,0,2,7,0,2,2,0,91650,0,2011
64,25,908616,1000,954.16,1,53200,0,1,1,0,0,0,0,75600,0,2005
166,37,666333,2000,1337.28,1,27500,0,1,2,0,2,2,0,67140,1,2006
155,35,336614,1000,1088.34,0,81100,0,3,3,1,2,3,0,29790,0,2008
114,30,584859,1000,1558.29,1,51400,-64000,1,6,0,1,2,0,77110,0,2015
149,37,990493,500,1415.68,1,0,0,3,6,1,0,1,1,64800,0,1999
147,33,129872,1000,1334.15,1,53300,-49200,1,5,1,2,0,1,53100,1,1995
62,28,200152,1000,988.45,0,0,0,3,7,0,1,1,1,60200,1,2004
289,49,933293,2000,1222.48,0,0,0,2,3,0,1,1,1,5330,0,2001
431,54,485664,2000,1155.55,0,65700,0,1,6,0,2,0,0,62300,0,2007
199,37,982871,500,1262.08,1,48500,0,1,1,0,0,3,0,60170,1,2011
79,26,206213,500,1451.62,1,0,-55700,2,1,0,2,2,0,40000,0,2010
116,34,616337,500,1737.66,1,0,-24100,1,7,0,1,1,0,97080,1,2001
37,23,448961,500,1475.93,0,0,-67400,2,5,1,1,0,0,51660,0,2010
106,30,790442,500,538.17,0,49700,-60200,3,3,0,2,2,0,51120,0,2005
269,44,108844,2000,1081.08,1,36400,-28700,2,5,1,0,2,0,56400,0,2014
265,40,430029,1000,1454.43,0,0,0,3,3,0,2,3,0,55120,0,2002
163,33,529112,500,1240.47,0,35300,0,3,4,1,1,1,0,77110,0,2014
355,47,939631,2000,1273.7,1,0,0,1,3,0,2,1,0,62800,1,2003
175,34,866931,1000,1123.87,0,0,0,4,3,0,2,0,1,7290,0,1995
192,35,582011,1000,1245.89,0,0,-40300,3,5,0,0,0,0,76600,0,2000
430,59,691189,2000,1326.62,1,0,0,2,2,0,0,3,1,81800,0,1998
91,27,537546,2000,1073.83,0,0,0,4,3,0,1,2,0,7260,0,2008
217,39,394975,1000,1530.52,1,0,0,2,4,0,2,1,1,4300,0,2000
223,40,729634,500,1201.41,0,88400,-46500,1,1,1,1,0,0,70510,0,1999
195,39,282195,1000,1393.57,1,47600,-39600,2,4,0,0,1,1,2640,0,2009
22,26,420810,1000,1276.57,1,71500,0,2,3,1,1,2,0,78900,0,1995
439,56,524836,500,1082.49,0,36100,-55000,1,1,0,2,3,0,56430,0,2014
94,32,307195,1000,1414.74,0,0,0,2,2,0,1,3,0,2400,0,2014
11,39,623648,2000,1470.06,1,56600,-45800,3,2,1,0,1,0,65790,0,2007
151,36,485372,2000,870.63,0,94800,-58500,2,6,0,1,1,0,62920,0,2000
154,34,598554,500,795.23,1,36900,0,1,5,1,2,1,0,69480,1,2014
245,44,303987,1000,1168.2,1,69100,0,3,5,0,0,3,0,44280,0,1997
119,32,343161,1000,993.51,1,0,-49500,2,6,0,0,3,1,56300,0,2011
215,42,519312,500,1848.81,1,0,-49000,1,4,1,2,2,1,68520,1,2003
295,42,132902,2000,1641.73,1,62400,0,3,2,0,0,0,0,59130,1,2006
254,39,332867,500,1362.87,0,35700,0,2,3,1,2,2,0,82320,1,1995
107,31,356590,500,1239.22,0,43400,-91200,2,5,1,0,1,0,89700,1,2009
478,64,346002,500,835.02,0,59600,0,2,6,0,1,1,0,33930,0,1998
128,30,500533,1000,1061.33,1,43300,-66200,1,7,0,0,3,0,68530,0,1997
338,49,348209,1000,1279.08,1,0,-51500,2,2,0,0,1,0,4300,0,2004
271,42,486676,500,1105.49,0,56200,-50000,1,6,0,2,3,0,68310,1,2003
222,41,260845,2000,1055.53,0,37800,-50300,3,7,0,0,2,0,61290,1,1995
199,41,657045,1000,895.83,0,0,0,2,3,0,1,2,0,30100,0,1999
215,37,761189,500,1632.93,0,0,-42900,2,2,0,2,0,1,57120,0,2002
192,40,175177,1000,1405.99,0,0,0,2,5,1,1,0,1,42930,0,2005
120,35,116700,1000,1425.54,0,78300,0,3,2,0,2,0,0,51210,0,2010
270,45,166264,1000,1038.09,0,0,-19700,2,5,0,1,1,1,89400,0,1998
319,47,527945,500,1307.11,1,0,0,3,7,0,0,2,0,59730,0,2005
194,39,627540,1000,1489.24,0,0,-45000,2,5,1,2,2,1,8060,0,2004
227,38,279422,500,976.67,0,0,0,1,7,0,1,2,0,72200,1,2013
137,31,484200,2000,1340.43,1,52700,-40600,2,3,0,1,2,0,50800,0,2005
244,40,645258,2000,1267.81,0,0,0,4,7,0,2,1,0,6600,0,2005
78,29,694662,1000,1234.2,1,0,0,2,7,1,2,2,0,7500,0,2002
200,35,960680,2000,1318.06,1,57300,-80600,4,6,0,0,3,1,6490,0,2002
284,48,498140,2000,769.95,1,0,-44200,1,6,0,2,3,0,60940,1,2013
275,41,498875,2000,1514.72,1,35700,0,1,7,1,0,1,0,58300,0,2007
153,34,798177,1000,873.64,0,800,0,2,1,0,2,1,0,68400,0,2007
134,32,614763,500,1612.43,0,36400,0,3,5,0,2,1,1,64240,0,2015
31,36,679370,2000,1318.24,0,0,-78600,4,3,0,0,1,1,4700,0,2002
41,25,958857,1000,1226.83,0,0,-56100,1,1,1,2,0,0,45120,1,2011
127,29,686816,2000,1326.44,0,0,0,3,3,1,1,1,0,66950,0,1995
61,23,127754,2000,1136.83,0,0,-62400,1,1,0,0,3,0,98340,1,2004
207,42,918629,2000,1322.78,1,55200,0,4,5,0,0,1,0,5900,0,2007
219,43,731450,1000,1483.25,0,90700,-20800,1,2,0,1,1,0,70680,0,2009
271,42,307447,500,1515.3,0,0,0,3,4,0,1,0,0,93720,0,2005
80,25,992145,2000,1075.18,0,67700,-58400,2,7,0,2,0,1,6930,0,2001
325,47,900628,1000,1690.27,0,61500,0,1,5,1,0,3,0,72930,1,2006
29,25,235220,2000,1352.83,1,0,-71700,2,6,1,1,2,1,64890,1,2013
295,48,740019,1000,1148.73,0,0,0,4,1,0,1,2,1,5400,0,1999
239,42,246882,1000,969.5,1,0,0,4,7,0,0,0,0,5600,0,2007
269,41,797613,500,1463.82,0,0,-72300,2,4,1,0,0,0,79300,0,2007
80,27,193442,1000,1474.17,0,0,0,1,4,1,1,0,1,52800,0,2004
279,41,389238,500,1497.35,0,37300,-31700,2,7,0,2,3,0,28800,0,2013
165,33,760179,1000,1427.14,0,35300,-58100,2,4,0,1,1,0,2970,0,2008
350,54,939905,500,1495.1,1,50500,0,3,4,0,0,0,0,93480,0,2014
295,49,872814,500,1141.62,1,34300,-24300,2,1,1,1,3,1,4320,0,2002
464,61,632627,1000,1125.37,0,0,-56400,1,4,0,0,2,1,79800,1,2000
118,28,283414,2000,1207.36,0,0,-57000,1,1,0,1,0,0,74200,0,1997
298,47,163161,2000,1338.5,0,28800,0,1,7,0,0,0,0,70590,1,2000
87,31,853360,1000,1074.07,0,0,-47500,1,5,0,0,3,1,60940,1,2006
261,42,776860,500,1337.56,0,0,0,2,2,0,1,2,1,74700,0,2010
453,60,149367,500,1298.91,1,52600,-38800,1,5,1,0,0,0,70000,1,2015
210,41,395269,500,1222.75,1,0,-41000,3,1,0,2,0,0,81070,0,2001
168,32,981123,1000,1059.52,1,0,-40600,1,6,0,1,1,0,57720,0,2007
390,51,143626,2000,1124.38,1,0,0,2,7,1,1,1,1,7080,0,2001
258,46,648397,1000,1110.37,1,34400,-56800,3,2,0,0,1,0,47700,1,1997
107,31,154982,2000,1374.22,0,62000,-63100,2,6,0,0,3,0,51260,0,2002
225,41,330591,2000,1103.58,1,41200,-36200,1,4,0,2,2,0,70400,1,2011
164,38,319232,2000,1269.76,0,44300,0,2,6,0,1,3,1,90000,0,2015
245,39,531640,500,964.79,0,58000,0,2,3,0,0,1,0,72820,0,2010
255,41,368050,2000,1167.3,1,0,0,2,6,0,2,0,0,69300,0,2000
206,36,253791,500,1625.45,0,0,-53700,1,7,0,2,1,0,76560,1,2008
203,38,155724,500,1394.43,0,0,0,1,1,0,0,1,1,55440,1,1999
22,25,824540,2000,1053.24,0,51100,0,3,3,1,1,0,0,77130,0,1995
211,35,717392,500,1040.75,0,0,0,3,4,1,1,1,0,42000,0,2011
206,39,965768,1000,1302.4,1,47200,-69700,3,6,0,2,3,1,36300,0,2013
166,38,414779,2000,1588.55,1,59600,-32100,3,1,0,0,0,0,40320,0,2001
165,32,428230,500,1399.26,0,70500,0,2,7,0,2,0,0,3960,0,1998
274,43,517240,2000,1352.31,1,40700,-47300,1,4,1,0,3,1,63840,1,2006
81,28,469874,1000,1139,0,42400,0,1,4,0,1,2,0,44730,1,2000
280,45,718428,1000,1397.67,1,57900,0,2,3,1,1,2,0,84720,0,1999
194,39,620215,500,823.17,1,0,0,1,1,0,2,2,0,61500,0,2012
112,27,618659,500,965.13,0,60000,-54800,1,3,0,0,1,0,51000,0,2013
24,33,649082,1000,1922.84,0,0,-45200,3,4,0,2,1,0,46800,0,2002
93,32,437573,2000,1624.82,1,65300,-65600,2,4,0,1,1,0,78120,0,2006
171,34,964657,2000,1277.25,0,84900,0,1,5,0,1,2,0,69200,1,1996
200,40,932502,1000,1439.34,0,45300,-20400,2,2,0,0,0,0,3690,0,2015
120,28,434507,1000,1281.27,0,68900,0,2,5,0,0,3,0,65500,0,2010
325,46,935277,500,1348.83,0,46300,-77500,2,5,0,1,2,1,76120,0,1999
124,32,756054,1000,1198.15,0,0,-43200,3,5,0,0,2,1,73560,0,1995
211,35,682387,2000,1221.22,1,76000,0,3,4,1,0,1,0,52030,0,2008
287,41,456604,2000,968.74,1,0,-49000,4,7,0,2,3,0,5170,0,2001
122,34,139872,1000,1220.71,1,58600,-28700,2,4,0,2,1,1,8190,0,2013
22,29,354105,2000,1238.62,1,0,-56200,1,5,0,2,3,0,70800,1,2012
106,31,165485,2000,1320.75,0,54100,0,3,5,0,0,3,1,45630,0,2011
398,58,515050,500,990.98,0,0,-57900,1,7,1,2,1,0,99320,1,2002
214,41,795686,500,1398.51,1,0,-57100,1,4,0,2,0,0,64000,1,1996
209,38,395983,500,1355.08,0,58100,0,2,7,0,1,1,0,47300,0,2014
82,27,119513,1000,1384.51,1,13100,-38200,1,5,0,2,3,0,71680,1,2007
193,41,217938,500,847.03,0,0,0,1,5,0,1,0,1,112320,1,2011
134,32,203914,1000,1000.06,0,0,0,3,1,0,1,0,0,82720,0,2014
288,45,565157,1000,1046.71,1,0,0,1,6,0,2,1,0,48060,0,2009
104,32,904191,500,1158.03,1,31900,-44600,3,2,1,1,3,1,63570,1,2006
431,54,419510,1000,1372.27,0,17600,0,3,1,0,2,3,0,63240,0,1997
101,33,575000,1000,1053.04,0,52000,-44500,2,7,0,1,3,0,54240,1,2013
375,50,120485,1000,1275.39,1,0,0,1,2,1,2,3,0,37280,1,1996
461,61,781181,2000,1402.75,1,0,0,2,1,0,2,1,1,72100,0,2006
428,59,299796,500,1344.36,0,0,0,2,4,0,2,3,0,6500,0,2013
45,38,589749,1000,1197.71,1,29000,0,3,5,0,2,0,0,78240,0,2013
136,29,854021,500,1203.24,0,62500,-66900,2,1,0,2,0,0,6200,0,1999
216,36,454086,1000,1152.4,0,39600,-82400,2,5,1,2,3,0,6160,0,2014
278,48,139484,2000,1142.62,0,0,-54000,3,7,0,2,0,0,76050,0,1997
295,48,678849,1000,1332.07,0,49700,-59100,3,6,0,2,1,1,86060,0,2002
112,30,346940,1000,1166.54,0,47700,-59300,1,3,1,2,0,0,107900,1,1997
122,34,985436,500,1495.06,0,38100,-31400,3,1,0,2,0,1,99990,0,2011
108,29,237418,1000,1337.92,0,71400,0,2,1,0,2,2,1,61380,0,2012
14,28,335780,2000,1587.96,0,0,-26900,1,2,0,2,1,1,71280,1,2012
298,45,491392,1000,1362.29,1,0,-51100,2,4,0,0,0,0,64000,0,1999
276,46,140880,500,1448.84,0,0,-50000,4,6,0,0,1,0,5940,0,2015
47,37,962591,2000,1241.97,1,75400,0,2,6,0,1,0,0,6700,0,2011
222,42,922565,500,1124.6,1,0,0,2,3,1,0,0,0,51740,0,2006
119,28,288580,2000,1079.92,1,88800,0,3,2,0,0,1,1,53600,1,2007
73,29,154280,1000,1447.78,1,35100,-59900,3,3,1,1,0,0,44910,0,2001
8,31,425973,500,1229.16,0,0,-88300,1,6,0,0,2,1,48100,0,2014
294,44,477177,1000,1226.49,0,53900,0,4,2,0,0,1,0,6100,0,2002
324,46,648509,2000,897.89,1,0,-41300,2,6,0,1,0,1,79600,0,2011
155,34,914815,500,1706.79,1,0,0,2,6,0,1,1,1,77040,0,1998
261,45,249048,1000,1254.18,0,0,-45100,2,1,1,0,1,0,62590,0,2003
245,40,144323,500,885.08,0,27000,-58900,3,4,1,0,1,0,85150,0,1998
235,39,651861,500,1046.58,1,0,-31700,4,6,0,2,1,0,4950,0,2010
53,36,125324,2000,1712.68,1,72200,0,1,2,0,2,0,1,51100,0,2006
426,54,398102,2000,1097.71,0,29600,-22300,2,5,1,2,3,0,100800,0,1997
111,27,514065,500,1363.77,0,51100,0,3,5,1,2,3,0,90970,0,2009
86,26,391652,500,1382.88,1,0,-30300,2,4,0,1,1,1,81840,1,2011
296,46,922167,1000,1141.35,1,0,0,1,4,0,0,2,0,54900,0,2013
125,35,442795,500,1054.83,1,0,-51300,3,4,1,2,3,0,88660,1,2007
177,34,226330,2000,1057.77,0,0,-57700,3,2,0,1,1,0,18000,0,2009
238,39,134430,2000,1488.02,0,0,-39200,2,7,1,1,3,1,5500,0,2010
81,25,524230,500,920.3,0,51000,-67900,1,6,0,1,0,0,73920,1,2003
128,28,438817,1000,986.53,0,62700,0,3,1,0,0,2,1,101860,0,2007
449,57,293794,2000,1440.68,1,25000,0,2,2,1,0,1,1,5390,0,2008
252,39,868283,1000,1086.21,1,68500,-57500,2,5,0,1,2,0,50490,0,2001
359,47,828890,2000,1367.68,0,0,0,3,3,0,0,3,0,55500,0,2012
19,32,882920,1000,1215.85,1,42900,-90200,2,6,1,1,1,1,7040,0,2015
73,26,918777,2000,1191.19,1,29300,0,3,7,0,0,1,1,40160,0,2003
285,44,212580,1000,1594.45,1,0,0,3,1,1,2,3,0,55680,0,2006
196,36,602410,2000,1463.07,1,0,0,4,5,0,1,1,0,5300,1,2001
223,43,976971,500,1734.09,0,0,0,4,3,1,0,3,0,5200,0,2006
328,48,630226,500,1411.43,1,45100,-32800,1,2,1,2,1,0,59400,0,2014
285,43,171254,2000,1512.58,0,47600,0,2,3,0,1,1,0,2520,0,1997
30,31,247116,2000,1153.35,1,0,0,4,6,0,2,1,1,5760,0,2011
342,49,505969,500,1722.95,1,63100,-13800,2,6,0,2,0,1,76700,0,2006
219,39,653864,2000,1281.07,0,0,0,4,5,0,0,2,0,5920,0,2015
468,62,586367,500,1011.92,1,0,0,1,2,1,0,3,0,64350,0,2009
241,39,896890,2000,1042.26,1,0,0,3,4,0,1,2,0,19080,0,1995
223,43,650026,500,1235.1,0,66400,-34400,2,5,0,2,1,0,54400,0,2011
128,32,547744,2000,768.91,0,0,-39300,3,1,0,1,0,0,59800,1,1999
124,29,598124,500,1301.72,1,0,0,1,5,0,0,3,1,72000,0,2005
343,48,436126,500,1451.54,1,0,0,3,2,0,2,3,0,65070,0,2003
404,53,739447,500,767.14,1,25500,-36700,4,1,0,0,1,0,8800,0,2002
63,24,427484,2000,1620.89,0,0,0,2,6,0,2,0,0,6120,0,2015
210,37,218684,2000,1048.46,1,59900,0,4,1,0,1,2,0,7080,0,1999
335,50,565564,1000,1538.26,1,62200,-31400,2,2,1,2,3,1,34320,0,2009
11,40,743163,2000,1217.69,0,24000,0,1,5,0,1,0,0,53460,1,2004
142,33,604614,2000,1362.64,0,0,0,3,1,1,1,3,0,81360,1,2009
272,43,509928,1000,1279.13,1,0,0,2,5,0,1,2,1,81070,1,2006
69,26,593390,2000,924.72,0,0,0,2,1,0,2,2,0,63120,0,2008
38,28,970607,1000,1019.44,1,0,-39700,4,5,0,2,1,0,7200,0,2004
328,46,174701,500,1314.6,0,24800,0,3,6,0,2,3,0,70290,1,1998
281,43,529398,1000,1515.18,1,0,0,2,7,0,1,0,0,60190,0,1999
246,44,940942,2000,1649.18,1,0,-58600,1,6,1,1,2,1,61380,1,2009
298,49,442677,500,1451.01,0,47800,0,2,5,0,2,2,0,28100,0,2012
330,50,365364,1000,978.46,0,0,0,3,6,1,0,0,0,49060,0,1995
362,50,114839,500,1198.34,1,53000,-72500,3,1,0,1,1,0,57060,0,1995
241,38,872734,2000,1003.23,0,0,0,1,3,0,0,3,1,77880,0,2008
245,41,267885,2000,1212,1,24400,-60500,3,5,1,0,1,1,73500,0,1999
371,52,740505,1000,1242.96,0,0,-37100,2,2,1,2,0,0,88920,0,2010
343,52,629663,1000,1053.02,0,0,0,1,3,0,0,2,0,47630,1,2005
377,53,839884,500,1693.63,0,0,-64000,3,6,1,1,3,0,59040,0,2015
154,37,241562,1000,2047.59,0,0,-67800,2,1,0,0,3,0,79530,0,2000
166,34,405533,1000,1083.72,0,65600,-68200,3,1,0,0,2,1,53680,0,2005
298,46,667021,1000,1138.42,1,36900,-55000,2,3,0,2,3,1,33550,0,2005
235,42,511621,500,1072.62,0,39900,-60200,3,5,0,2,1,1,69100,0,2006
172,35,476923,2000,1219.04,1,63600,-68700,1,6,0,2,0,0,79750,0,1999
27,28,735822,2000,1371.78,1,0,-32500,1,2,0,0,2,1,53600,1,2015
428,54,492745,2000,1506.21,1,0,-24400,2,2,0,1,0,0,76560,0,2009
99,32,130930,1000,1058.21,1,0,0,3,3,1,1,1,0,41130,0,1999
107,26,261119,2000,932.14,1,40600,0,3,1,0,2,3,0,78650,1,1996
272,41,280709,2000,1608.34,0,33300,-10600,1,5,0,1,1,0,71060,0,2010
151,37,898573,1000,1728.56,0,54000,0,2,7,1,1,1,0,38830,0,1999
249,43,547802,1000,1518.46,0,0,0,1,2,0,0,0,1,53500,0,2015
177,38,600845,2000,1540.19,0,0,-74500,1,1,1,2,0,0,73700,1,2001
190,40,390381,2000,965.21,0,36900,-53700,4,6,0,2,1,1,6300,0,2001
174,36,629918,2000,1278.75,0,53200,-53800,3,2,0,2,2,0,65400,0,2012
95,28,208298,1000,773.99,1,0,-70300,4,5,1,1,2,0,3200,0,2014
371,51,513099,1000,1532.47,0,60300,-24700,1,3,1,0,3,1,75400,1,2012
2,28,184938,1000,1340.56,0,0,0,2,4,1,0,2,1,58140,0,2008
269,44,187775,500,1297.75,0,0,-41400,3,1,0,0,1,0,98670,1,2010
101,27,326322,1000,433.33,1,25900,0,2,6,0,0,3,0,5900,0,2009
94,30,146138,2000,1025.54,0,0,-52600,1,3,0,1,3,1,64100,0,2001
117,28,336047,500,1264.77,0,47500,-32500,3,5,1,0,1,0,55440,1,2009
111,27,532330,500,1459.97,1,0,0,1,4,0,1,2,0,80850,1,2011
242,40,118137,500,1238.65,0,0,-44600,4,5,1,1,1,0,7480,0,1998
440,61,212674,500,1050.76,1,41500,-70200,1,2,0,2,3,0,53640,1,2004
20,23,935596,1000,1711.72,0,0,0,1,7,0,2,2,0,63250,1,2002
461,57,737593,500,865.33,0,0,0,1,6,0,0,1,0,59040,0,1995
208,36,812025,500,1153.49,1,0,0,3,3,1,1,0,1,50500,0,2004
279,43,168151,2000,1281.25,1,0,0,1,1,1,0,1,0,57690,1,2010
244,40,594739,500,1342.8,0,0,0,4,5,1,1,3,1,5940,0,2014
134,30,843227,2000,1443.32,0,0,0,1,4,0,0,2,1,47790,1,1995
122,29,283925,1000,1629.94,0,0,-47100,4,2,0,0,1,0,3850,0,2014
156,31,475588,2000,1134.08,1,0,0,1,3,0,2,0,0,59000,1,2013
232,43,751905,500,1483.91,1,0,-33600,1,3,0,0,1,0,70600,1,2013
244,40,226725,2000,1304.67,1,0,-45000,2,6,0,1,1,0,61490,0,2001
84,30,942504,2000,1035.79,0,44400,-51500,2,4,0,1,0,1,57640,0,2010
394,57,395572,500,1401.2,0,51500,0,4,6,0,1,0,0,6890,0,1999
246,45,889883,1000,1665.45,1,34400,-33100,1,1,0,2,2,0,53280,1,2006
35,29,818167,2000,653.66,0,52100,-46900,2,5,0,0,0,0,78300,0,2009
156,37,277767,500,1080.13,1,0,-61000,1,5,1,0,3,0,41490,0,2001
195,36,842618,2000,1346.18,0,57800,-53300,3,6,1,2,3,1,68970,0,2007
369,55,577810,2000,1589.54,1,55400,0,2,3,0,2,0,1,85300,0,2003
271,40,873114,1000,1251.65,0,71200,0,2,6,0,0,0,0,3080,0,2012
332,47,994538,2000,1083.01,1,91900,0,1,3,1,2,0,0,71760,1,2010
107,26,727792,500,974.59,0,62800,0,2,3,0,1,0,0,59700,0,2002
217,39,522506,2000,1399.85,0,49900,-19800,2,1,0,0,2,0,64920,0,1997
243,43,367595,500,1307.74,0,0,-75700,1,2,0,0,1,0,37530,0,2008
296,42,586104,2000,1219.27,1,53100,-63400,3,1,1,1,2,0,64080,0,2012
264,41,424862,500,1411.3,1,55600,0,2,7,0,1,0,0,60390,1,2004
108,33,512813,2000,694.45,0,0,0,1,4,0,0,1,1,64350,1,2011
32,38,356768,500,1006.77,0,0,0,2,4,1,2,1,1,70900,0,1997
259,39,330506,1000,1422.36,0,0,-83900,2,1,0,1,3,0,46560,0,2012
186,33,779075,1000,1348.32,0,37600,-37600,4,3,0,2,1,0,4730,1,2013
201,40,799501,2000,1315.56,0,0,0,2,7,1,0,0,1,6820,0,2003
436,58,987905,2000,1407.01,1,47400,-27600,1,2,0,0,2,0,59900,1,1997
189,36,967756,2000,1388.58,0,0,-49400,1,2,0,1,3,1,79560,0,2009
105,33,830414,500,1310.76,0,0,-40900,3,7,1,0,1,0,70290,0,2008
163,31,127313,1000,1004.63,1,26900,0,3,6,1,2,0,0,63910,0,1999
219,40,786957,500,1134.91,0,68700,0,4,2,0,1,0,0,6400,0,1997
88,25,332892,1000,1194,0,0,0,1,7,1,1,2,1,66780,1,2013
40,39,448642,1000,1248.25,0,0,-33300,2,7,0,0,2,0,8760,0,2013
284,42,526039,500,1338.54,1,0,0,1,3,1,0,1,0,94160,0,1996
59,40,444422,2000,782.23,1,64200,-32300,3,5,0,0,2,0,51570,0,2010
39,31,689500,2000,1366.9,0,0,-15700,1,4,0,1,0,0,52700,1,2014
147,34,806081,1000,1275.81,1,0,-48300,2,1,1,2,2,0,101010,0,1998
156,37,384618,500,1090.65,1,0,-51800,2,1,0,1,2,1,53400,1,2010
123,31,756459,500,1326,0,0,-54600,3,7,0,1,2,0,72120,0,2009
231,43,655787,2000,972.47,1,0,-58100,2,6,1,2,2,1,77100,0,2010
247,39,419954,500,806.31,0,0,0,4,4,0,2,3,0,3300,0,2003
194,35,275092,500,1416.24,0,0,0,2,4,1,1,0,0,5940,0,2003
119,27,515698,2000,1097.64,1,27100,0,1,4,0,1,0,0,63720,0,2006
259,43,132871,500,947.75,0,0,-39300,4,2,0,1,3,0,7680,0,2008
107,31,714929,2000,1018.73,1,20000,-82700,3,2,1,1,2,0,93730,0,2001
48,44,297816,2000,1400.74,1,34000,-55600,1,3,1,0,2,0,87300,0,2013
267,40,426708,500,1155.53,1,0,-35200,4,1,0,0,2,0,5670,0,1997
286,47,615047,500,1386.93,1,54100,-77600,2,5,1,0,0,0,65800,0,2001
175,34,771236,500,915.29,0,82400,-57100,1,3,0,2,1,1,36720,1,2009
111,29,235869,500,1239.55,0,0,0,1,2,0,1,1,1,52800,1,1996
151,37,931625,500,1366.42,0,44000,0,3,3,0,1,2,1,59100,1,1998
156,37,371635,1000,1086.48,1,0,-53800,3,7,0,1,1,1,77440,0,1999
165,36,427199,2000,1247.87,1,0,-39700,3,4,0,2,2,0,45700,0,2008
253,41,261315,2000,1312.75,0,81300,0,1,5,0,2,2,1,80740,1,2014
10,26,582973,2000,765.64,1,0,-22200,1,7,0,0,3,0,31350,1,2001
158,33,278091,2000,1327.41,0,0,-38600,3,6,0,0,0,0,35000,0,2012
436,59,153154,1000,1338.55,1,39000,0,3,6,0,2,2,0,68000,0,2014
91,30,515217,2000,1316.63,0,43900,0,2,4,1,2,0,0,84500,0,2009
256,42,860497,1000,1286.44,0,0,-39500,2,4,0,2,1,0,75500,0,1998
274,46,351741,1000,1372.18,1,0,0,3,2,0,1,3,0,90600,0,2009
275,45,403737,2000,1447.77,0,39400,-63900,3,4,1,1,1,0,64320,0,1998
1,33,162004,500,903.32,0,0,0,2,4,0,1,0,0,31700,0,2006
85,30,740384,1000,1454.42,1,51600,-73900,1,5,1,0,1,1,74280,1,2006
233,37,876714,2000,1603.42,0,61600,-30200,3,1,1,0,2,1,80520,0,2005
142,30,951543,2000,1616.58,1,58500,-46800,1,6,1,0,3,1,63600,0,2010
266,44,576723,500,1611.83,1,0,0,3,2,0,1,2,1,32800,0,2012
350,50,391003,500,889.13,0,0,0,3,4,0,0,2,0,44190,0,2015
97,26,225865,1000,1252.08,1,0,0,1,5,1,2,2,0,50400,1,2000
399,55,984948,2000,995.56,1,0,-65400,3,4,1,1,1,1,88400,0,2010
305,49,890328,2000,1347.92,0,0,-42100,3,6,1,0,2,0,66550,0,2003
276,47,803294,1000,1724.09,1,0,0,2,3,1,0,0,0,65780,0,2014
257,40,414913,500,1379.93,1,0,0,1,1,0,0,2,1,51810,1,2002
78,31,414519,1000,1554.64,1,0,-27900,1,5,0,1,0,0,55660,1,2009
129,28,818413,1000,1377.94,1,0,0,1,5,0,2,3,0,44640,0,2005
283,46,487356,2000,1313.33,0,53500,-73600,1,2,0,1,3,0,77660,1,2004
85,25,159768,500,1259.02,0,67000,-53600,4,4,0,2,2,0,5640,0,2005
101,26,865839,1000,1371.88,0,0,0,4,3,0,2,2,0,3190,0,1995
96,30,406567,500,1399.27,1,38900,-48700,3,3,0,0,0,1,53440,0,2004
121,31,623032,1000,1061.98,0,0,0,2,6,0,0,1,1,65250,0,2002
176,39,935442,500,1365.46,1,0,-56600,2,1,0,2,1,0,44280,0,2008
159,37,106873,1000,894.4,1,0,-53700,3,5,1,2,0,0,70290,0,1999
120,30,563878,500,956.69,0,39600,-64300,2,6,0,1,1,1,87100,0,2000
212,35,620855,2000,1123.89,1,35400,-49200,3,1,0,1,3,0,50380,0,1996
290,45,583169,500,1085.03,0,0,-61000,3,3,1,2,2,0,64800,1,2014
299,42,337677,2000,1437.33,0,25000,0,2,1,1,1,3,0,70400,0,2000
66,26,445973,1000,988.29,1,0,0,1,4,0,2,2,1,57860,1,2008
334,47,156694,500,1238.89,1,0,0,2,4,0,0,3,0,6240,0,2011
216,38,421940,1000,1384.64,0,0,0,3,1,0,2,3,0,66600,1,2012
86,28,613226,2000,1595.07,1,75800,0,2,6,1,0,2,1,70920,0,2002
429,56,804410,1000,1127.89,1,67400,-43800,2,5,1,2,0,1,39480,0,2002
257,43,553565,2000,929.7,0,46400,-74300,3,3,0,2,2,1,63240,0,2005
15,34,399524,1000,1829.63,1,56700,0,3,3,1,1,0,0,67650,0,2009
230,39,331595,1000,904.7,0,68600,-22300,1,2,0,1,3,0,74200,1,2002
250,43,380067,1000,1243.84,0,47900,-73400,2,1,1,1,3,0,64900,0,2011
270,44,701521,2000,1030.95,0,47200,0,1,4,0,1,0,0,35900,1,2007
65,26,360770,500,1285.03,0,0,-41500,2,2,0,1,3,0,52200,0,2011
475,57,958785,500,1216.56,1,67400,-83200,2,6,0,0,2,0,78000,0,2000
77,27,797934,2000,966.26,0,56400,-32800,2,5,1,0,0,0,67200,0,1995
256,43,883980,500,1203.17,0,56700,-65600,3,6,0,0,0,0,63250,0,1997
229,37,340614,2000,1212.12,0,65600,0,1,1,1,1,1,1,68760,0,1995
110,28,435784,1000,1573.93,1,30400,0,2,5,1,0,2,0,65040,0,2010
177,33,563837,1000,1609.67,1,0,-13200,1,5,0,1,3,0,82800,1,2004
292,44,200827,500,1097.57,1,0,0,3,1,0,1,0,1,61700,0,2005
451,61,533941,2000,1618.65,0,0,-42600,1,1,1,2,1,1,78100,1,1997
61,24,265026,500,922.67,0,47400,0,1,4,1,2,1,0,65520,1,2011
150,30,354481,1000,1342.02,1,0,0,4,3,1,0,2,0,4500,0,1999
283,41,566720,500,1195.01,0,60700,-54300,1,4,0,0,2,0,42700,1,2011
291,46,832746,1000,994.74,0,0,-55300,2,6,0,2,2,1,5580,1,2005
162,31,386690,1000,1050.24,0,30700,0,2,3,0,0,0,0,3600,1,2013
154,36,979285,2000,1313.51,0,68500,0,4,7,0,2,0,0,2800,0,2015
289,47,594722,2000,1102.29,0,73000,-37900,2,4,0,1,0,1,54000,0,1996
10,19,216738,1000,1185.78,0,0,-60700,2,4,0,0,2,0,48950,1,2011
309,47,369048,500,1527.95,1,69400,0,1,4,1,0,1,0,77800,0,2002
396,57,514424,1000,1366.39,1,0,-22400,1,1,1,2,1,0,52560,0,1995
273,41,954191,1000,1403.9,0,0,0,3,2,0,1,2,1,44110,0,2015
129,30,150181,2000,927.23,0,51500,0,3,6,0,1,3,0,74360,0,2009
140,31,388671,2000,1554.86,0,59000,0,2,3,1,1,2,0,6120,1,2002
419,53,457244,2000,736.07,1,45700,0,2,4,0,0,0,1,62280,0,2012
315,44,206667,1000,974.16,0,0,-56800,3,5,0,1,0,1,26730,0,2006
72,29,745200,500,973.8,0,0,-85900,1,3,0,1,0,0,66200,0,2013
32,26,412703,2000,1260.32,1,0,-79800,3,7,0,1,2,0,45500,0,2009
230,41,736771,1000,1464.03,1,0,0,2,5,0,2,0,0,53040,0,2006
157,32,347984,2000,617.11,1,0,-54100,1,1,0,1,2,0,50800,1,2013
265,41,626074,2000,1724.46,0,81800,0,3,4,0,1,3,0,44200,0,2014
47,34,218109,500,1161.31,0,64800,-24300,2,5,1,1,3,0,62920,0,2012
113,29,999435,2000,1091.73,1,36100,-42300,2,5,0,0,2,1,49950,1,2004
289,46,858060,2000,1209.07,1,0,0,2,3,1,0,1,1,56430,1,1995
254,41,500384,2000,1241.04,0,0,0,2,2,0,2,2,1,100210,0,2014
115,30,903785,500,1757.21,1,46400,0,2,4,0,1,0,1,49140,0,2007
236,38,873859,1000,802.24,0,0,-62500,1,7,0,0,1,0,66840,0,2014
7,21,204294,1000,1342.72,1,0,-45300,3,6,0,1,2,0,62460,0,2003
208,36,467106,2000,1209.41,1,0,0,3,1,1,0,1,0,62810,0,1999
126,33,357713,1000,1141.71,0,36700,-73400,1,7,1,1,2,0,54160,0,2009
48,35,890026,500,1090.03,0,0,-51000,1,3,1,0,2,0,48400,0,2005
297,48,751612,1000,1464.73,1,54900,-36700,3,3,0,0,0,0,51480,0,2013
160,36,876680,1000,1118.58,0,0,-36600,3,1,0,2,1,0,51700,0,2003
406,58,756981,2000,1117.04,1,0,-42700,3,4,0,1,2,0,65520,0,2009
157,31,121439,500,1257.83,1,40700,-41600,1,3,0,2,2,0,47700,1,2011
146,31,411289,2000,1082.72,0,61400,-57500,2,4,1,2,0,0,5220,0,2015
409,57,538466,1000,1191.8,1,55600,0,1,2,0,1,0,0,73320,0,2012
252,46,932097,1000,1242.02,1,0,-28800,2,6,1,0,2,1,74900,0,2003
6,27,463727,500,1075.71,0,0,-47400,4,1,0,0,1,1,3190,0,2015
103,33,552618,1000,969.88,1,0,0,2,1,0,1,0,1,76920,0,2002
369,53,936638,2000,1459.93,0,0,0,3,5,1,1,3,0,77990,0,2012
261,46,348814,1000,1245.61,1,0,0,3,1,1,1,0,0,59670,0,2008
159,33,944102,2000,1462.76,0,69200,-36900,1,1,1,2,0,0,44880,1,2004
344,51,689901,2000,1398.46,1,0,0,2,4,0,0,2,0,82830,0,2004
437,60,901083,1000,1269.64,0,48800,0,2,2,0,1,3,0,84480,1,2012
65,30,396224,500,1455.65,0,0,-66300,3,6,0,2,3,0,79800,0,1999
280,41,682178,2000,1140.31,1,29300,-64700,2,3,0,0,3,1,53020,0,1999
269,45,596298,500,1330.46,0,54800,-64100,3,6,0,0,0,0,24200,0,2008
275,40,253005,2000,1190.6,1,0,-45300,2,2,0,1,3,1,43230,0,2001
265,45,985924,500,972.5,0,0,0,4,5,0,2,3,0,3190,0,1995
283,43,631565,2000,1161.91,0,0,-50400,2,7,0,0,3,0,5850,0,2006
84,29,630998,1000,1117.17,0,0,-29900,4,3,1,2,0,1,6820,0,2005
247,44,926665,2000,1101.51,0,64000,0,2,2,0,2,2,0,69480,0,2008
56,29,302669,1000,1523.17,1,0,0,1,4,0,1,2,1,94560,0,1995
210,39,620020,1000,984.45,1,0,0,2,2,1,1,2,0,7800,0,1997
108,32,439828,2000,1257,0,63900,-43700,3,7,0,1,3,0,61270,0,1999
328,49,971295,500,1434.51,0,0,0,3,2,0,0,2,1,71440,0,2005
186,37,165565,2000,1628,0,0,0,3,6,1,1,2,1,55600,0,2009
277,44,936543,500,1412.31,1,0,0,4,2,0,1,3,0,5000,0,2005
138,33,296960,500,1362.87,0,56900,-56900,2,5,0,2,0,0,95810,0,2007
208,41,501692,1000,1134.68,0,0,0,1,4,0,2,2,0,69300,0,1996
147,37,525224,1000,1306.78,1,0,0,3,4,0,1,0,0,81120,0,1995
8,21,355085,500,1021.9,1,0,0,1,1,0,0,0,0,91260,0,2012
297,48,830729,1000,1538.6,0,0,-54700,2,4,0,0,0,0,60600,0,2004
150,31,651948,1000,1354.5,1,52800,0,1,3,0,0,3,1,64800,1,2000
4,34,424358,500,1282.93,0,0,0,1,7,0,0,0,0,66880,1,1996
210,35,131478,1000,1346.27,1,44900,-91400,3,3,0,0,2,0,58200,0,2013
91,31,268833,1000,1338.4,0,63600,0,2,6,0,1,0,0,60570,0,2011
167,36,287489,1000,949.44,0,0,-38400,1,5,0,0,0,0,69680,1,2008
467,58,808153,2000,977.4,1,82200,0,3,1,1,2,3,0,55700,0,2014
264,47,687639,2000,1181.46,0,0,-67400,3,3,1,1,2,1,62370,0,2001
270,45,497347,500,1187.53,0,83200,-53300,3,1,0,0,0,1,54340,0,2005
310,48,439660,1000,845.16,0,0,0,1,4,1,1,0,0,55170,1,2005
143,34,847123,500,1442.27,1,67900,0,2,1,0,2,3,1,58500,0,1999
146,32,172307,2000,1276.43,1,0,0,1,2,0,0,3,0,59940,0,1995
102,28,810189,500,1075.41,1,55200,0,3,4,0,1,0,0,73400,0,1996
61,23,432068,500,1111.72,1,54600,0,1,2,0,1,2,0,41850,0,1997
255,44,903203,2000,814.96,0,68500,0,4,6,0,2,2,0,6400,1,2005
211,40,253085,1000,1575.86,0,0,0,4,7,0,1,1,0,3190,0,2004
61,29,180720,1000,1115.27,1,0,-66000,4,6,1,2,1,1,5900,0,2010
108,31,492224,2000,1175.7,1,0,0,3,1,0,0,2,0,57330,0,2006
303,50,411477,500,793.15,1,54600,-45500,3,6,0,0,3,0,81960,0,2008
152,33,107181,500,942.51,0,0,0,1,6,1,0,0,0,70400,1,2001
120,34,312940,1000,1056.71,0,77900,0,2,1,0,2,1,0,3770,0,2002
144,36,855186,2000,1255.68,0,23600,-15600,2,3,0,0,0,0,7400,0,2014
414,52,373935,500,1335.13,0,44000,-71000,3,4,1,1,1,0,54810,1,1999
163,37,812989,500,1178.95,0,0,-67300,3,5,1,2,3,1,49400,0,2005
352,53,993840,500,1793.16,1,0,0,2,2,1,2,2,0,68750,0,2009
27,32,327856,500,1008.38,0,37900,0,3,3,0,1,0,0,61500,0,2013
239,39,506333,500,1396.83,0,0,0,1,4,0,0,3,0,76890,0,2007
33,32,263159,500,1402.78,0,70300,-50300,2,7,1,0,1,0,56070,0,2012
88,30,372912,1000,1437.88,0,42800,-51200,3,7,0,2,0,1,56000,0,2003
101,33,552788,1000,1313.64,0,12100,0,4,6,1,1,0,0,4290,0,1997
20,37,722747,500,1482.14,0,33000,-43600,3,3,0,2,1,0,60750,0,2003
126,30,248467,2000,1171.75,0,46500,-42700,2,4,0,2,3,0,48730,0,2011
264,43,955953,2000,1353.33,1,0,-8500,2,5,1,2,0,0,95150,0,2007
78,24,910622,500,1175.51,1,0,0,2,1,0,0,1,1,7480,0,2003
123,28,137675,2000,1836.02,1,38000,-41200,1,2,0,2,1,1,79800,1,2011
347,51,343421,500,1480.79,0,0,-12100,3,6,1,0,2,0,103560,0,1997
163,38,413192,2000,1453.92,0,51700,0,2,6,1,2,3,0,79500,0,1995
271,44,247801,500,1340.71,0,0,0,2,2,0,2,2,0,76230,1,1997
410,54,171147,2000,714.03,1,0,-17000,2,4,1,0,2,0,59520,0,2001
448,57,431283,2000,1376.16,0,38600,-50300,1,3,0,2,1,0,47760,1,2013
218,41,461962,500,914.22,1,37900,-72900,3,5,0,2,0,0,84590,0,2013
43,38,149467,1000,1601.47,1,64400,0,3,1,1,2,2,0,61650,0,2006
33,33,758740,1000,1096.79,0,45500,-60600,1,5,0,2,1,0,81400,0,1998
126,34,628337,2000,1078.22,0,54500,0,1,4,0,0,1,1,58410,0,2007
411,56,574637,1000,1595.28,0,0,0,1,5,0,0,0,0,38610,0,2007
225,37,373600,1000,1217.84,0,49600,0,2,7,0,2,2,0,57600,0,2015
35,35,930032,2000,1117.42,0,0,-51900,2,6,0,2,2,0,53190,0,1996
460,57,396590,2000,1567.37,0,62500,0,1,2,0,2,3,0,58300,1,2014
195,38,238412,2000,1294.93,1,38000,-50300,2,5,1,1,2,0,64620,0,2003
360,51,484321,1000,1152.12,1,0,-62400,3,2,0,2,0,1,90480,0,2000
300,49,795847,1000,1441.21,0,0,0,4,1,0,1,0,0,7080,0,2001
245,42,218456,1000,1575.74,1,0,-68900,2,5,0,2,2,0,6490,1,2011
146,36,792673,2000,1233.96,0,34500,-60600,3,6,0,1,1,0,55900,0,2015
67,29,662256,1000,1861.43,1,60400,-67800,1,1,0,0,3,1,63800,1,1998
380,56,971338,1000,1570.86,1,66000,0,3,4,0,0,1,1,58160,1,1996
389,53,714738,2000,791.47,1,0,0,2,2,0,1,2,0,6300,1,2001
317,46,753844,1000,1012.78,1,43700,0,1,3,0,2,1,0,104610,1,1999
264,44,976645,500,1047.06,1,0,0,1,5,0,0,2,0,69850,0,1999
20,21,918037,1000,1390.29,0,0,-41200,2,7,0,0,0,0,62900,0,2006
116,30,996253,500,951.46,1,0,-35500,1,2,0,0,3,0,59670,1,2004
222,40,373731,1000,1226.78,1,49600,-49200,2,5,1,2,0,0,81500,0,2013
439,56,836272,500,1280.9,1,48900,-40900,2,5,0,2,0,0,50000,0,2009
66,28,167231,2000,1472.77,1,0,-31700,3,5,0,2,1,0,48290,0,1995
128,29,743330,1000,1878.44,1,0,-76000,3,2,0,0,0,0,59070,0,2003
69,24,807369,500,1418.5,0,0,0,2,5,0,0,0,0,63300,0,2012
294,46,735307,500,1532.8,1,0,0,3,4,0,0,3,1,65780,0,2013
19,29,789208,500,1304.35,1,0,0,3,1,0,0,2,0,75400,1,2005
191,33,585324,2000,1551.61,1,45000,-30400,2,3,1,1,1,0,2250,0,2005
4,39,498759,1000,1326.98,0,64200,0,2,4,1,1,3,0,54120,0,2007
298,49,795004,500,862.92,1,0,-71700,1,7,0,0,2,0,69480,0,2007
231,43,203250,2000,1331.69,0,0,0,2,4,0,1,2,0,66950,0,2015
338,47,430794,2000,1486.04,0,0,-56200,1,7,0,2,3,0,64100,1,2014
261,46,156636,1000,870.55,1,0,-49400,2,5,0,0,3,0,80280,0,2013
321,44,284143,2000,1344.56,1,0,-39100,4,4,0,1,2,0,4680,0,1999
0,32,740518,1000,1377.04,1,61400,-41100,2,5,0,1,1,0,39720,0,2002
405,58,445289,500,1237.88,1,0,-46900,1,3,0,0,0,0,63580,1,1997
304,49,599262,1000,1525.86,0,0,0,2,4,1,1,1,1,73370,0,2013
1,29,357949,500,854.58,0,52200,0,2,7,0,2,3,1,86790,0,2003
26,39,493161,1000,770.76,1,0,-53700,1,1,0,0,2,0,49800,0,2015
202,38,320251,2000,1132.74,0,0,-37500,1,6,1,1,1,0,77440,0,2005
289,48,231127,500,1173.37,0,0,-42700,3,5,0,1,0,0,42900,0,1999
61,26,766193,2000,1188.28,0,0,-53800,1,6,1,1,0,0,53820,1,2015
334,46,555374,1000,876.88,1,0,0,2,6,0,2,1,0,57330,0,1998
12,24,491484,1000,1143.95,0,51400,0,2,2,0,2,1,0,53370,0,2011
86,29,925128,2000,1409.06,1,74200,-68100,2,7,0,2,2,1,62920,0,2005
83,24,265093,1000,1070.63,0,0,0,3,3,0,0,1,0,61600,0,2003
126,30,267808,2000,916.13,1,55300,-58400,3,4,1,2,0,0,74160,0,2002
209,38,116735,500,1191.5,1,38600,-52900,3,3,0,2,0,0,80100,0,2015
283,48,963680,1000,1474.66,0,0,-46200,4,6,0,2,3,0,6560,0,2003
194,34,445694,1000,1193.45,1,0,0,3,4,0,2,1,1,58800,0,1997
184,38,215534,1000,1437.53,0,0,0,2,7,0,0,2,0,53730,1,2013
479,60,232854,2000,1304.83,0,0,0,3,3,0,0,0,0,60600,0,2001
284,48,168260,1000,1168.8,0,0,-42400,3,7,0,0,3,1,35750,0,2001
65,27,538955,1000,1164.97,0,43000,-42500,3,3,0,1,2,1,42840,0,2004
222,39,243226,1000,1232.72,1,87800,-51200,1,5,0,1,0,0,87960,1,1999
196,41,246435,2000,1800.76,1,0,-78600,2,6,0,1,0,0,47800,0,2009
253,43,582480,500,1187.01,0,46300,-33000,4,7,0,0,1,0,3840,0,2014
280,43,345539,1000,1559.34,1,0,-51600,3,2,0,0,2,0,77000,0,2004
5,26,924318,2000,1137.02,0,31500,0,3,5,1,1,3,0,88110,0,2003
220,42,726880,1000,1281.72,1,33500,-49500,2,4,0,0,2,1,47740,0,2005
85,30,190588,1000,796.35,0,72400,-77000,3,4,1,2,1,1,58960,0,2004
266,46,246705,500,1270.02,0,0,-45800,2,7,0,1,2,0,2160,0,2004
41,26,619589,1000,1383.13,0,46700,0,4,2,1,1,1,0,6890,0,1997
316,45,164988,2000,1290.74,0,58300,0,1,5,0,2,0,1,78870,0,2013
285,47,729534,1000,1216.68,0,55100,0,4,1,0,1,1,0,2700,0,2013
379,54,505014,500,1251.16,0,41400,0,3,2,0,0,1,0,75960,0,2010
15,34,920826,2000,1586.41,0,33500,-58900,1,7,1,1,3,0,75570,1,2010
354,48,534982,2000,1526.11,0,0,0,2,1,0,2,3,1,90240,0,1995
342,53,110408,1000,1028.44,0,0,0,1,5,0,0,0,0,80960,0,2000
169,38,283052,1000,1555.94,1,23300,0,3,2,0,1,3,1,79080,0,2012
339,49,840806,2000,1570.77,1,98800,-65300,2,1,0,0,3,0,6820,0,2009
259,42,382394,2000,1170.53,0,65000,-49200,3,4,0,1,2,1,62590,0,2006
65,23,876699,1000,1099.95,0,0,-71900,1,3,0,1,0,1,52400,1,2005
254,46,871432,2000,1472.43,1,0,-90600,1,3,0,1,3,1,63580,0,2004
440,55,379882,500,1275.62,0,0,-56200,2,2,1,2,1,0,61400,0,1995
478,63,852002,1000,1292.3,1,47600,0,2,4,1,1,3,0,4700,1,2007
230,44,372891,2000,1009.37,0,45400,-39400,3,2,0,0,2,1,74140,0,2015
138,30,689034,500,1093.07,0,27700,-72400,1,6,0,2,2,0,83160,0,2011
239,41,743092,1000,1325.44,0,51400,-6300,4,3,0,0,2,1,10790,0,2013
93,31,599174,2000,1017.18,0,0,0,1,3,1,1,3,0,48070,0,2014
37,25,421092,1000,1221.17,0,49300,0,2,7,1,0,0,1,51030,0,1996
254,40,349658,500,1927.87,1,0,0,2,3,1,0,1,0,43280,1,1996
131,29,811042,1000,978.27,0,65700,0,1,6,0,1,3,0,76400,0,2003
230,43,505316,2000,1221.14,1,48100,0,3,6,0,0,2,0,75460,0,2002
313,50,116645,2000,1255.62,1,0,0,1,7,1,2,1,1,69000,1,1995
210,38,950880,500,999.52,1,0,0,2,5,0,1,2,0,8640,0,2008
101,29,788502,500,1380.89,1,30000,-53000,2,3,0,2,1,0,67210,0,1996
153,37,627486,500,1010.77,1,52300,-55600,3,3,0,0,3,0,42500,0,1999
337,53,498842,500,1205.86,1,0,-34600,2,3,1,0,1,0,86400,0,2001
360,51,550294,1000,1526.61,1,0,-32900,2,6,1,2,2,0,4620,1,2009
428,53,328387,1000,1496.44,0,0,0,4,5,1,2,2,0,6930,0,2013
204,40,540152,500,1256.2,0,0,0,2,4,1,1,2,1,41700,0,2013
364,51,385932,500,1268.35,1,0,0,1,7,1,2,1,0,77330,1,2014
185,35,618682,2000,1421.59,1,0,0,4,3,0,2,3,1,4950,0,2011
63,26,550930,500,1500.04,1,0,-36500,2,7,0,0,2,1,5160,0,2004
210,35,998192,500,1433.24,0,0,-19500,3,2,0,2,1,0,24570,1,2006
194,38,663938,2000,1231.25,0,46500,0,2,3,0,1,0,0,53680,0,2011
294,49,756870,500,1135.43,1,22700,0,3,1,1,1,1,1,42900,0,2010
272,41,337158,2000,945.73,1,38600,-42800,2,3,0,0,0,0,84100,1,2009
27,27,919875,2000,1118.76,0,0,-55800,3,7,0,1,3,0,61560,0,2008
251,39,315631,2000,1231.98,0,0,-31700,2,6,1,0,0,0,44240,0,1997
180,33,113464,2000,1005.47,0,58100,-49000,2,1,0,2,3,1,57700,0,2002
392,50,556415,2000,1108.97,0,68400,-66800,2,5,0,2,2,1,108030,0,2002
143,30,250249,500,1392.39,0,0,-65700,2,2,0,2,0,1,54300,0,2010
371,54,403776,2000,1317.97,1,34700,-81000,1,1,0,1,2,0,32280,1,2010
292,42,396002,1000,1588.22,1,0,-53800,3,2,1,1,1,0,84600,0,2007
165,35,976908,500,900.02,1,0,-49900,3,5,0,1,3,1,69700,0,2008
158,33,509489,1000,1744.64,1,0,0,3,5,0,0,1,0,36400,0,1998
241,39,485295,1000,1260.56,0,0,-54900,2,7,0,0,2,1,37520,0,2010
103,33,361829,2000,1021.14,0,69500,-47700,1,4,0,2,3,0,79090,0,2014
402,54,603632,2000,1285.09,1,48000,-79600,1,5,0,0,2,1,67770,1,2013
102,32,783494,500,1537.07,1,0,0,3,4,0,1,0,0,47400,1,2004
182,40,439049,1000,1022.42,1,50000,-56900,3,4,1,0,2,0,71100,0,2008
282,46,502634,2000,1558.86,1,51100,-75100,2,5,0,2,2,0,69400,0,2012
222,39,378588,500,1757.87,1,71400,0,1,7,1,2,1,0,55000,1,1996
415,52,794731,1000,973.5,1,50400,0,3,3,1,1,3,1,51090,0,2003
51,34,641934,500,1430.8,1,0,0,1,5,0,2,3,0,64200,1,2007
255,45,113516,500,1192.27,1,0,-40200,3,2,0,2,0,1,67320,0,2006
143,31,425631,500,1163.83,1,37700,0,1,3,1,2,0,0,76120,0,1999
130,28,542245,1000,1003.15,0,0,-38500,2,6,1,2,1,0,85020,0,2010
242,41,512894,2000,1153.54,1,0,-57000,2,7,0,0,1,0,68090,0,2009
96,27,633090,1000,1631.1,0,0,0,4,3,0,1,2,0,6030,0,2007
180,35,464234,1000,1252.48,1,0,-55800,2,5,0,1,3,0,5100,0,2000
150,30,290162,1000,1677.26,1,40100,0,4,5,1,1,3,1,4590,0,2013
463,59,638155,1000,979.73,0,51700,0,1,1,0,1,2,0,72400,1,1999
472,64,911429,500,989.24,1,0,0,1,7,0,2,3,0,70900,0,2002
75,25,106186,1000,1389.86,0,0,0,3,5,0,2,3,1,65100,0,2011
193,40,311783,500,1233.85,0,0,0,3,6,0,2,1,1,64260,0,1999
43,43,528385,500,1320.39,0,0,0,1,3,0,2,1,0,79970,1,1996
253,41,228403,1000,1435.09,0,36600,0,3,7,0,2,0,0,56610,0,1995
152,30,209177,500,1448.54,0,58600,0,1,7,1,1,1,0,84590,1,2000
160,38,497929,500,1733.56,1,0,-43800,1,6,0,2,1,1,66780,0,1996
56,36,735844,500,1533.07,1,0,-28800,1,5,1,1,2,1,58500,0,2001
286,41,710741,500,1106.77,0,45500,-62500,4,1,0,2,0,0,5000,0,2003
3,29,276804,500,995.7,0,0,0,4,5,0,2,1,0,5000,1,2008
286,41,507545,1000,1298.85,0,71300,-70300,1,1,0,1,3,1,54450,0,2007
239,38,485642,1000,1276.73,0,0,0,1,7,0,1,3,0,61920,0,2003
64,29,796375,2000,1202.28,1,0,-61400,2,6,0,1,2,0,43700,1,2007
98,31,171183,500,671.92,1,0,-26400,2,2,0,2,0,0,64080,0,1997
16,35,110084,1000,1358.03,1,59300,-31400,3,6,0,2,1,0,55000,1,2008
70,27,714784,1000,1008.79,0,46000,0,4,1,0,2,3,0,4400,0,2000
75,27,143924,1000,1141.1,1,0,0,2,6,0,0,1,1,71640,0,2008
246,44,996850,1000,1397,1,0,0,2,3,0,1,0,0,61740,0,1997
110,27,284834,1000,1664.66,0,0,-66200,3,5,0,0,3,0,57500,0,2010
236,39,830878,1000,1151.39,0,0,-63900,2,5,1,0,0,0,8700,0,2003
267,46,270208,2000,1546.01,0,0,0,3,2,0,2,1,0,77100,0,1996
463,57,407958,500,1063.67,1,0,0,2,5,0,2,0,1,59400,0,1995
303,46,832300,1000,709.14,1,0,0,2,7,0,1,0,0,54890,0,2006
137,30,927205,500,1039.55,1,55600,-59700,2,1,0,2,1,0,74030,0,2005
56,42,655356,500,1339.39,0,0,0,3,1,0,1,2,1,61490,0,1998
75,27,831053,1000,1202.75,1,57900,-90100,2,7,0,0,2,1,79560,0,2003
131,33,432740,2000,1081.17,1,0,-65200,2,4,0,0,1,0,4900,0,2010
153,34,893853,500,991.39,1,45600,-61400,3,5,0,1,0,0,77770,0,2000
255,43,594988,500,984.02,0,75800,0,1,1,0,2,2,0,74700,1,2007
103,26,979544,500,1354.83,1,66300,0,2,3,0,2,2,0,40600,0,2010
97,28,191891,1000,830.31,1,0,-32600,3,5,0,1,0,0,45270,0,2006
214,36,831479,2000,987.42,0,0,0,2,5,0,0,3,0,47080,0,2006
438,57,714346,500,1119.29,0,0,0,2,6,0,0,0,0,40700,1,2000
87,27,326289,500,1048.39,0,0,0,2,2,0,2,1,1,34650,0,1996
27,28,944537,1000,1074.47,1,0,0,4,2,0,2,0,0,3200,0,2012
206,42,779156,1000,1230.76,1,0,-74200,1,6,0,1,1,0,78980,1,1997
127,31,856153,500,1255.02,1,58200,0,2,2,1,1,0,0,6160,0,1996
422,60,473338,1000,1555.52,0,43600,-67800,1,7,1,1,1,0,85250,0,1999
303,50,521694,2000,836.11,1,0,0,1,5,1,1,2,0,72840,0,2010
228,40,136520,500,1450.98,1,43700,0,4,4,0,0,2,0,6050,0,2010
239,39,730819,2000,625.08,0,44200,-37000,1,2,0,2,3,1,87890,1,2014
330,47,912665,2000,1133.27,0,0,-56400,3,7,0,0,2,1,60500,1,1999
128,35,469966,500,1366.6,0,0,0,2,1,0,2,1,0,88220,0,2008
147,37,952300,1000,1439.9,0,0,-48400,3,5,0,1,2,0,53680,0,2004
287,45,322609,1000,1230.69,1,0,-54600,2,5,0,0,2,0,53800,0,2006
142,29,890280,2000,1307.68,0,0,-48500,1,1,1,1,2,0,54360,1,1995
162,35,431583,2000,1124.69,0,0,0,1,3,1,0,3,1,54340,0,2001
140,35,155912,1000,1520.78,0,0,-42900,4,1,0,0,2,1,2860,1,1997
106,28,110143,2000,1609.11,1,0,0,2,6,1,2,1,1,5490,0,1999
292,45,808544,1000,1358.91,1,0,0,4,4,0,0,2,0,7370,0,1997
34,34,409074,500,1295.87,0,0,0,1,1,0,1,0,0,50800,1,1997
290,48,824728,500,1161.03,1,45300,0,2,7,0,1,1,0,41520,0,2014
182,38,606037,2000,1441.06,0,53800,-78300,3,2,0,2,3,1,89650,0,2005
362,55,636843,1000,1097.99,0,44400,-71500,3,6,0,0,3,0,39690,0,1998
143,32,111874,1000,1464.42,0,79900,0,1,5,0,2,0,0,62260,0,1995
183,38,439844,500,1543.68,0,20200,0,1,6,0,0,1,1,51920,1,2001
254,40,463513,500,1390.89,1,0,-74400,2,2,0,2,2,0,53460,0,2009
249,43,577858,2000,1148.58,0,0,-71200,3,3,1,2,1,1,57100,0,2014
169,36,607351,500,1616.26,1,50700,-57600,3,5,0,2,3,0,77440,0,2004
235,40,682754,500,1398.94,1,0,0,2,2,0,1,2,0,68300,0,2003
112,32,757352,1000,1238.92,1,57800,-53700,4,3,0,0,2,0,5060,0,2012
16,32,307469,1000,968.46,1,50800,-66200,3,1,0,0,2,0,59400,1,1995
128,31,526296,500,1045.12,0,0,-28300,1,5,0,0,2,0,69930,1,2013
103,27,658816,1000,1537.33,0,0,-74800,2,5,1,1,1,0,77700,0,2008
356,54,913337,500,912.3,1,58500,-44000,1,4,0,2,1,0,68750,1,2007
109,29,488464,2000,1007.28,0,0,0,2,2,0,1,3,1,91080,0,1995
2,20,480094,1000,1189.98,0,0,-54700,2,1,0,1,3,1,48360,0,2000
198,34,263108,1000,1576.41,1,0,-55100,1,6,1,1,1,1,95000,0,2001
107,32,298412,500,1172.82,1,82100,0,4,3,0,1,3,0,3900,0,2010
252,39,261905,500,1312.22,1,0,-33300,2,2,0,0,3,0,59400,1,2010
303,43,674485,1000,671.01,0,42900,-61500,2,5,0,2,0,0,60210,0,2013
101,32,223404,500,895.14,1,52600,-30400,2,1,0,0,3,1,43600,0,2010
446,57,991480,2000,1373.21,1,42700,-64900,3,7,0,0,0,0,62800,0,2012
330,48,804219,1000,1625.65,1,0,0,1,5,1,1,3,0,59500,0,2006
211,37,483088,2000,1295.63,0,42200,-33800,3,4,1,1,0,0,53460,0,2009
172,33,100804,1000,1459.96,0,41300,-42000,3,4,0,0,1,0,41690,0,1999
316,46,941807,500,1219.94,0,0,-51000,2,3,0,0,1,1,63100,0,2000
435,60,593466,500,1064.49,1,73500,-43300,3,3,0,2,1,0,62880,1,2007
344,51,437442,1000,959.83,0,0,-38700,1,4,0,2,2,1,75400,1,2006
204,40,942106,2000,1767.02,1,0,-49300,3,3,1,1,1,0,46200,0,1997
278,47,794951,500,1285.01,1,0,-39800,1,6,0,2,2,1,58500,0,2010
434,57,182450,2000,1422.95,1,0,0,1,1,0,1,3,0,66240,0,2003
209,36,730973,2000,1223.39,0,0,0,3,6,0,1,3,0,65440,0,2014
250,43,687755,2000,1539.06,1,37800,0,2,6,0,0,3,0,64200,0,2002
61,25,757644,2000,988.06,0,0,0,2,4,1,1,0,0,32320,0,2000
80,28,998865,1000,1740.57,0,0,-18600,1,4,0,0,1,0,33480,0,2011
25,38,944953,1000,1540.91,1,40900,0,4,4,0,1,1,1,4320,0,1995
4,29,386429,500,1381.88,1,0,-77800,4,6,0,0,2,0,4200,0,2008
32,29,108270,500,1446.98,1,0,-45700,2,3,1,2,0,0,57970,0,2006
125,31,205134,500,1220.86,1,55400,-40400,4,3,1,1,2,0,4320,0,2003
276,45,749325,500,948.1,0,44500,-61400,2,1,0,0,2,0,69300,0,2010
148,30,774303,500,1471.24,0,57500,-93600,2,2,0,2,2,0,32480,0,1997
222,38,698470,2000,1157.97,1,0,-64500,3,6,0,2,2,1,60480,0,2001
32,38,719989,2000,566.11,1,0,0,4,5,1,0,0,0,2640,0,2015
78,27,309323,500,1060.88,1,0,-66500,4,4,0,0,3,0,6050,0,2009
238,43,444035,1000,1524.45,1,0,-44800,3,6,0,0,0,0,42700,1,1995
313,47,431478,1000,1556.17,1,63900,-53300,1,6,1,1,3,0,40260,1,1996
334,50,797634,500,1216.24,1,26700,-47200,1,1,0,2,0,0,50000,0,2008
190,35,284836,500,1484.72,0,0,0,4,2,0,0,1,0,3840,0,1998
194,41,238196,500,1203.81,1,52500,-51300,2,5,0,0,2,0,95900,0,1999
290,47,885789,1000,1393.34,1,0,-61400,2,4,1,1,3,1,56160,0,2002
26,42,287436,1000,1484.48,1,50700,-36300,1,2,0,2,3,0,63030,0,1996
254,41,496067,500,1581.27,0,42200,-48000,2,2,1,2,2,0,63470,0,1999
199,38,206004,1000,1281.25,0,0,-53100,1,1,0,0,2,0,44440,1,2007
137,35,153027,500,1667.83,1,48500,-67400,2,7,1,1,1,0,6600,0,2005
134,36,469426,1000,1497.41,1,14100,-44500,2,7,0,2,0,1,77200,0,1996
73,30,654974,500,803.36,0,0,0,3,5,0,0,0,1,57000,0,2013
289,45,943425,2000,1221.41,0,46700,-72500,4,2,0,2,1,0,2700,0,2006
176,36,641845,500,1865.83,1,32800,-50600,3,6,0,2,1,1,47300,0,2006
145,37,794534,2000,1434.27,0,0,-35900,1,3,0,2,3,0,55110,0,2002
164,31,357808,500,1114.68,0,44500,-55900,4,5,1,1,0,0,4320,0,2002
186,38,536052,2000,1218.56,0,39300,-60300,3,3,1,2,2,0,68760,1,1998
85,31,873384,2000,1234.69,0,0,0,1,3,0,2,1,0,74400,1,2003
162,33,790225,500,964.92,0,45700,0,1,6,0,2,1,0,35300,1,1996
396,57,587498,500,1351.72,1,0,-49400,2,5,1,1,3,0,2640,0,2000
270,41,639027,1000,817.28,1,62200,0,3,1,0,1,1,0,60190,1,2014
168,39,217899,1000,1389.59,0,0,-42600,1,4,1,1,3,0,41580,1,2015
274,45,589094,1000,1353.53,0,54700,-47900,2,1,1,0,0,0,58500,1,1995
263,43,458829,1000,1294.04,0,0,0,2,2,1,2,3,1,79320,0,1997
152,33,626208,1000,840.81,0,0,0,2,3,1,0,2,0,82610,1,2002
46,41,315041,2000,998.19,0,43700,-66300,3,6,0,1,3,0,78600,1,2004
276,46,283267,2000,1090.32,1,0,-70400,2,1,0,1,2,0,51390,1,2007
234,44,442494,500,1780.67,1,0,0,1,5,0,1,0,0,70200,1,2012
64,30,159243,2000,1681.01,1,0,-51100,2,2,0,2,1,0,4900,0,2015
456,62,669800,1000,1395.77,0,82600,-49500,1,6,0,1,3,0,66480,1,2012
58,23,520179,2000,1471.44,1,57500,0,1,2,0,2,1,0,50380,1,2007
475,61,607974,500,1265.72,0,0,-59500,1,1,1,0,2,0,64350,0,1998
96,29,465065,1000,1274.7,1,47500,-58700,1,5,1,2,3,1,55400,1,2004
99,28,369941,500,1330.39,1,0,0,3,1,0,2,2,1,49900,0,1998
38,28,447226,500,1122.95,1,78000,0,2,7,0,0,3,1,74880,0,2000
259,44,831668,2000,1655.79,0,0,0,2,4,1,0,0,1,105820,0,2002
241,43,922937,1000,935.77,1,0,-36000,4,4,0,1,0,1,7150,0,2003
437,58,640474,2000,1192.04,1,66100,-31400,3,7,1,0,0,0,55800,0,2004
130,34,153298,500,990.11,1,0,-41200,4,2,0,1,3,1,5830,0,2015
269,41,334749,2000,1422.21,0,0,-46400,1,2,1,2,1,0,85900,1,2005
103,29,221283,500,914.85,1,72100,0,2,1,0,2,3,0,7110,0,2005
284,43,961496,500,1123.84,1,48200,0,3,1,0,0,0,1,36960,0,2007
189,39,804751,2000,838.02,0,0,0,2,7,0,2,0,1,64400,0,1997
267,43,369226,500,1300.68,1,49000,0,2,4,0,1,3,1,1920,0,2011
39,22,691115,500,1173.21,1,0,0,1,4,1,0,1,1,86130,1,2009
140,32,713172,1000,985.97,0,0,0,1,7,0,2,3,0,82170,1,1995
243,41,621756,1000,1129.23,0,17300,-60400,1,6,0,1,0,1,50300,1,1999
116,31,615116,500,1194.83,0,28600,0,1,2,0,0,0,0,44200,0,1997
219,43,947598,1000,1114.29,0,51300,0,1,7,0,2,2,1,66660,0,2006
96,26,658002,2000,1509.04,0,10000,0,3,2,1,2,3,0,78320,0,2007
149,34,374545,500,664.86,0,0,-60000,3,1,0,0,1,0,105040,0,1999
246,43,805806,1000,1267.4,1,0,0,2,6,0,2,1,0,50700,0,2006
293,45,235097,1000,1119.23,0,51500,0,3,4,0,1,1,0,51210,0,2015
339,48,290971,500,1698.51,1,0,0,3,6,0,2,1,0,51840,0,2001
160,33,180286,1000,1422.78,0,61600,0,3,2,0,2,3,1,52800,0,2006
224,42,662088,500,1212.75,0,0,-51400,2,5,0,0,0,1,55200,0,1998
194,34,884365,1000,1423.34,1,55300,-37900,2,2,1,0,3,0,9100,0,2003
385,51,178081,1000,976.37,0,0,-61000,2,2,0,1,3,0,67600,0,2007
100,33,507452,500,1124.59,1,67300,0,2,1,0,1,2,0,40800,0,2004
371,50,990624,1000,1569.33,1,79600,0,1,5,0,2,1,1,84500,1,2011
175,39,892148,500,1359.36,1,0,-43600,1,3,1,2,2,1,71610,1,2012
373,55,398683,500,1607.36,1,0,0,1,3,0,0,2,0,60600,1,2007
258,41,605100,500,1042.25,1,0,-44400,1,2,0,2,3,0,81240,1,2008
255,39,143109,500,1453.95,0,38200,0,3,5,1,0,3,0,29300,0,2010
37,31,230223,500,1969.63,0,0,0,3,4,0,1,1,1,76450,0,1995
322,44,769602,1000,1156.19,0,49900,-62700,1,7,1,0,3,0,49400,0,2010
204,38,420815,2000,1124.47,0,0,-45100,3,7,0,0,1,0,90530,0,2003
76,31,973546,500,1493.5,0,39900,-44000,2,7,0,2,1,0,8030,0,1995
193,40,608039,500,1155.38,0,34200,-32300,2,1,0,0,0,1,63900,0,2001
405,55,250162,500,878.19,1,57100,0,2,4,1,0,2,0,38640,0,1997
435,58,786432,2000,1145.85,1,0,-40000,3,1,0,1,1,1,41490,0,2004
54,35,445195,500,1261.28,0,68500,-42100,2,5,1,2,0,0,79090,0,2012
144,35,938634,500,1427.46,1,0,0,1,5,0,0,0,0,87900,0,1995
92,32,482495,500,1592.41,1,58900,-29100,3,1,0,2,3,1,53400,0,1996
173,36,796005,1000,1274.63,1,51000,0,3,5,1,2,3,0,52030,0,1995
436,60,910604,500,1362.31,1,67600,-65300,2,3,0,0,2,0,82060,0,2005
155,35,327488,1000,919.37,0,83600,0,2,7,0,0,3,0,48360,0,1997
78,31,715202,1000,1377.23,0,72600,0,2,6,0,2,1,0,52290,0,1997
440,57,648852,1000,995.55,1,51500,-52100,1,3,1,0,3,0,68200,1,2007
264,43,516959,500,1508.12,1,0,0,1,1,0,2,1,0,60750,1,2015
66,30,984456,500,484.67,0,21100,-60800,1,3,0,0,2,1,65560,1,2015
366,50,801331,1000,1561.41,0,21200,0,2,3,1,1,3,0,70290,0,2012
188,37,786103,500,1457.21,0,46300,0,3,1,0,2,0,1,45000,0,2003
224,39,684193,1000,1128.71,0,0,-47100,3,2,1,2,1,0,61800,0,2007
253,46,247505,500,1358.2,0,52900,0,1,1,1,0,0,0,64570,0,2001
446,61,259792,1000,1232.79,0,49900,-62100,2,5,1,2,0,1,70500,0,2007
169,37,185124,1000,936.19,1,70600,-48500,3,7,0,2,1,1,57900,0,2005
255,46,760700,500,1302.34,0,0,-52600,2,7,0,1,0,0,57860,0,2011
209,39,362407,500,1264.99,1,67800,0,2,7,0,1,1,0,37800,0,1995
210,37,389525,500,1467.76,0,38700,-33100,3,4,0,1,3,1,63300,0,2000
174,33,179538,2000,1124.43,0,0,0,3,7,1,0,1,1,44200,0,1995
70,28,265437,1000,1319.81,1,67200,-59400,2,3,0,1,0,1,31680,0,2006
89,32,266247,2000,1482.53,0,49100,-45100,4,7,1,1,2,0,100,0,2002
458,61,921851,1000,1328.18,0,53000,0,2,1,0,2,1,0,56340,0,2003
239,40,488724,500,1463.95,0,0,0,3,5,0,0,0,1,69740,0,2003
161,38,192524,2000,1133.85,1,60200,0,3,5,1,2,2,1,60480,0,2003
446,61,338070,1000,1037.32,0,0,-15700,2,6,0,2,1,0,80880,0,2005
476,61,865607,1000,1562.8,0,42800,-68200,3,6,0,1,2,1,49390,0,2009
70,29,963285,1000,1425.79,0,62400,-52300,2,2,0,0,3,0,69360,0,2009
233,41,728491,2000,1615.14,0,67100,0,2,5,0,0,1,0,3740,0,2011
122,33,553436,500,1236.5,1,0,-48700,4,6,0,0,1,0,5060,0,2003
335,48,440616,2000,1017.97,0,59900,-34800,3,1,0,0,0,1,35860,1,2005
257,40,463237,2000,1306,1,46100,-46900,1,1,1,2,1,0,50050,1,2008
85,27,753452,2000,1174.14,1,50400,-61500,2,4,1,0,0,0,59070,0,2012
133,30,920554,1000,1231.01,1,0,-31700,2,2,0,1,2,0,28440,0,2007
119,34,594783,500,1299.18,0,57100,0,1,5,1,2,1,1,45540,1,1998
169,34,725330,500,1469.75,0,0,-57600,2,3,0,0,0,1,38700,0,2012
225,39,607259,500,1390.72,1,83900,-52100,4,7,1,2,1,1,5830,0,2011
84,32,979336,500,1694.09,0,0,0,3,4,1,0,2,0,57240,1,1995
169,39,865201,2000,1140.15,1,0,-36800,3,2,1,0,3,0,46200,0,2015
124,32,140977,1000,1310.71,0,29300,0,3,1,1,0,1,0,57700,0,2003
320,48,787351,2000,1730.49,1,46300,-41700,2,7,0,2,0,0,56160,0,1995
297,47,272330,500,1616.65,1,0,-59500,3,1,0,0,3,1,44400,0,1999
421,56,728025,500,1935.85,1,49500,-81100,1,6,0,2,3,0,92730,1,2004
136,33,804608,1000,855.14,0,37900,0,2,7,1,0,1,1,30700,0,2015
46,24,718829,2000,1568.47,0,46800,0,1,7,0,2,0,0,56600,0,1999
34,24,482404,2000,1550.53,0,0,-27700,4,6,1,0,1,0,3960,0,1998
95,30,331170,2000,1370.92,1,48900,0,2,3,1,0,3,0,34800,0,1999
140,36,753056,500,1363.59,0,43200,0,2,2,0,2,0,1,79500,0,2000
200,34,910365,1000,828.42,0,0,0,3,3,0,2,2,0,56000,0,2009
123,29,379268,500,1209.63,0,64800,-44200,2,3,1,1,0,1,73260,1,2014
267,46,362843,2000,1111.17,1,35000,0,4,3,1,2,3,1,4950,0,1995
290,42,135400,500,989.97,1,32500,0,2,6,0,0,1,0,48000,0,2013
45,37,798579,1000,1114.23,1,0,0,1,3,1,0,1,1,52200,0,2005
186,38,250833,2000,1347.31,0,80900,-111100,2,5,0,2,3,0,73800,0,1995
135,34,824116,2000,1687.53,0,0,-69600,3,4,0,1,2,0,78200,0,2009
110,33,322613,1000,1183.48,1,0,0,1,4,0,2,3,0,55200,1,2015
259,43,871305,2000,1537.13,0,0,-58300,3,4,0,0,2,1,57060,0,2012
114,30,488037,1000,1173.25,0,0,-34700,2,3,0,0,3,1,4680,0,2013
404,56,485813,1000,1361.16,0,0,-63700,2,6,0,2,0,1,53100,1,2005
282,48,886473,2000,1422.56,0,26900,-55300,2,5,0,1,2,0,3520,0,2013
57,25,907113,2000,1143.06,0,63100,-54100,3,2,0,0,1,1,72900,0,2010
215,38,833321,500,1405.71,0,0,0,3,3,0,0,1,0,70700,0,2008
140,30,521592,500,1354.2,0,100500,0,2,1,0,0,0,0,60170,0,2006
250,42,254837,500,1055.6,1,69500,-40700,1,1,0,1,1,0,74800,1,2009
286,41,634499,1000,999.43,1,25800,0,4,4,1,2,0,0,4100,0,2009
356,47,574707,2000,1155.97,1,0,0,2,1,1,0,3,0,61490,0,2009
65,29,476839,1000,1726.91,1,0,0,4,6,0,0,0,0,7200,0,1999
187,34,149601,500,1232.57,0,59500,0,2,3,0,0,0,0,45100,0,2011
386,53,630683,500,1078.65,1,36800,0,2,4,0,2,3,1,66660,0,2006
197,41,500639,1000,1324.78,0,0,-64500,1,7,0,2,2,1,76400,1,1997
166,37,352120,500,1518.54,0,0,0,3,2,1,1,1,0,58300,0,2001
293,49,569245,2000,1239.06,0,34900,0,3,2,0,1,1,0,57310,0,2002
179,32,907012,2000,1246.68,0,0,0,2,3,0,0,1,0,53100,0,2006
76,24,700074,1000,1622.67,0,0,0,3,2,0,1,1,0,74700,0,1997
105,28,866805,500,1082.36,0,0,0,1,2,0,2,2,0,60500,0,1995
97,26,951863,1000,1270.55,1,0,-72100,3,2,1,2,3,0,84920,1,2006
148,36,211578,1000,1236.32,0,55100,0,3,7,0,2,0,0,61050,0,2009
77,26,357394,2000,785.82,1,49700,0,1,6,1,2,0,0,69080,1,2009
295,46,863749,500,1265.84,0,52200,-44500,2,3,1,1,3,1,4560,0,2007
126,28,596914,500,1508.9,0,0,0,3,4,0,0,1,0,67800,0,2011
132,32,684653,2000,1106.84,1,43100,-31900,2,2,1,1,1,1,5600,0,2005
370,55,528259,2000,1389.13,1,0,-53200,2,7,0,0,2,0,9000,0,2015
257,43,797636,1000,974.84,0,52100,0,3,4,0,0,1,1,85320,0,2006
9,24,326180,2000,1304.46,0,51700,-33300,4,3,0,0,3,1,5940,1,2001
185,34,620075,500,1257.36,0,0,0,1,3,1,1,1,0,51370,1,2000
234,43,965187,500,1257.04,1,0,-48800,1,7,0,2,2,1,51600,0,2011
253,44,516182,2000,719.52,0,45800,0,4,3,0,0,3,0,5400,0,1998
233,39,728839,2000,1524.18,1,0,0,2,7,0,1,0,1,48870,0,1999
274,44,771509,500,1395.58,0,0,0,2,5,0,2,1,0,5590,0,2000
297,48,264221,1000,1243.68,1,0,-71400,1,5,0,0,2,0,54960,1,2002
273,47,602704,1000,1189.04,0,59600,0,2,7,0,1,3,0,39800,0,2014
147,37,672416,2000,1375.29,0,0,0,1,1,0,0,1,0,56160,1,2015
285,42,545506,500,1389.13,1,63100,-79400,3,6,0,0,3,0,52700,0,2005
289,43,777533,1000,1387.51,0,0,0,2,2,1,1,3,0,68580,0,2010
427,60,953334,1000,1178.61,1,0,-54400,1,5,1,1,2,1,90860,1,2004
380,53,369781,2000,1166.62,1,0,0,4,4,0,0,3,0,5700,0,2001
13,21,990998,1000,1556.31,1,0,-75000,3,6,1,2,0,1,94930,0,2014
282,43,982678,500,1452.27,1,75800,0,1,4,0,1,2,0,46800,1,2007
312,47,646069,1000,1212.07,0,66900,-51800,3,4,0,2,3,0,56320,0,2000
266,46,331683,2000,1578.54,1,0,-41400,2,6,0,1,3,1,83490,0,1996
30,36,364055,500,1488.26,0,0,-63500,3,7,0,2,2,0,57900,0,2008
198,36,521854,1000,1096.39,1,0,0,3,5,0,1,3,1,49410,0,2015
290,45,737252,2000,1215.36,1,54400,0,2,4,0,0,1,0,66200,0,2012
260,46,344480,2000,1482.57,1,35000,0,2,1,0,0,1,0,64080,0,2005
233,43,898519,1000,954.18,0,0,0,2,7,0,2,3,1,42500,0,2000
130,30,957816,2000,1193.4,1,0,-40800,3,1,0,2,3,0,48950,0,2005
230,42,175960,1000,1023.11,0,0,-45300,2,4,0,1,2,1,58850,0,1999
212,40,489618,1000,1524.45,0,73200,0,2,7,1,0,2,1,82400,0,2006
299,44,717044,1000,1653.32,0,0,-48800,2,5,1,2,0,0,54240,0,2009
91,26,101421,1000,1022.46,0,52700,0,2,3,0,0,2,0,74200,0,1996
398,53,793948,2000,1396.43,0,21500,0,3,6,1,2,1,0,47430,0,2000
218,43,737483,500,1521.55,0,61100,-64500,1,6,0,1,3,1,68200,1,2003
152,33,695117,1000,1034.27,0,0,0,2,6,0,1,0,0,63900,0,2014
212,39,167466,1000,1255.35,0,60300,-58900,3,2,0,0,3,1,59300,0,2008
242,44,664732,2000,1396.89,0,0,-61600,2,5,0,1,2,1,66900,1,1999
80,27,143038,500,795.31,1,0,-51000,1,3,1,1,3,0,40810,1,2000
260,43,979963,500,982.22,0,54500,-72100,3,2,0,1,0,0,75400,0,2011
133,34,467841,500,1074.07,0,70900,-61100,2,4,0,2,0,1,4200,0,2013
290,45,219028,1000,1311.3,0,38500,0,1,6,1,0,0,1,52650,1,2001
322,49,130156,2000,1277.12,0,0,-46000,1,6,0,0,2,1,42240,0,2007
228,39,762951,500,1388.62,0,35200,0,2,2,1,1,0,1,59490,0,1995
195,37,376879,1000,1406.52,1,0,0,1,3,0,0,2,0,44200,1,2002
247,39,599031,500,1558.29,0,0,-49300,4,5,1,1,2,0,7700,0,2000
405,57,676255,1000,1132.47,1,46300,0,3,4,0,2,3,0,61440,0,2008
144,37,985446,2000,1896.91,0,73700,0,1,1,1,1,3,0,54400,1,2015
338,47,884180,500,1143.46,1,0,0,3,3,1,2,1,0,58560,0,2002
121,34,571462,500,1285.42,1,0,0,1,7,0,1,1,0,67300,1,2000
398,55,815883,2000,1305.26,1,66200,-49700,1,6,0,1,3,1,36740,1,1998
9,30,258265,1000,1073.83,0,0,0,3,7,0,0,0,0,85690,0,2011
115,31,569714,1000,1051.67,0,0,0,1,2,1,0,3,0,34160,1,2005
280,48,180008,1000,1387.35,1,0,-72000,2,6,0,2,2,0,61320,0,1998
254,45,633375,500,1083.64,1,59800,0,3,1,1,0,0,0,79680,0,2004
141,30,556538,1000,1851.78,0,78800,0,3,2,0,1,0,1,61740,0,2002
441,55,669501,500,1270.29,1,24000,-50500,2,3,0,0,0,0,6400,0,2002
381,55,963761,500,1459.99,0,35900,0,1,7,1,1,2,1,60600,0,2011
191,38,753005,2000,1253.44,0,0,0,1,6,0,2,0,0,56320,0,2007
145,34,454758,1000,1142.48,0,0,0,3,4,1,2,0,0,52250,0,2012
479,60,698589,1000,1188.45,0,0,-44800,3,3,0,0,3,0,53900,0,2006
215,35,330119,1000,1125.4,1,40000,-43400,4,1,0,2,1,0,2640,0,2001
41,33,164464,500,1294.41,1,0,0,2,3,1,0,0,0,8970,0,2011
45,31,927354,500,1459.5,1,0,0,2,5,0,1,3,0,6000,0,2000
156,38,231508,500,1367.99,1,26500,0,1,4,0,0,3,0,55200,1,1998
246,45,272910,500,1594.37,1,0,0,4,2,0,0,3,1,7260,0,2008
178,39,305758,500,1035.99,0,0,0,2,5,0,2,0,0,64680,0,2010
237,43,950542,500,911.53,0,53200,0,1,7,0,0,1,0,59200,0,1998
127,34,291544,500,1319.97,0,73700,0,2,3,1,1,3,0,4700,0,1998
1,33,388616,2000,1391.63,1,61200,0,3,1,1,0,3,0,69400,0,2000
5,21,577992,500,915.41,0,0,0,3,7,1,0,0,0,40500,0,1998
64,28,342830,1000,1468.82,1,56800,-51800,2,2,0,2,1,0,60000,0,1997
142,30,491170,500,1412.76,1,66400,-63700,2,2,1,2,3,0,67320,0,1996
97,27,175553,500,1588.26,0,56700,-49300,3,2,1,2,1,1,75690,0,2014
121,31,439341,1000,1140.91,1,51300,0,1,4,0,1,2,0,64300,1,2002
225,43,221186,1000,1517.54,1,0,-20900,1,1,0,2,0,1,64400,0,2011
425,53,868031,2000,912.29,0,42900,-39100,2,4,0,1,2,0,97080,0,2005
285,44,844117,2000,1144.3,1,52600,0,2,7,1,1,0,0,5500,0,2010
192,38,744557,1000,1281.43,0,65100,-50300,3,4,0,0,2,0,30700,0,2010
285,48,159536,2000,1101.85,0,46100,0,2,5,0,1,2,1,33480,0,2012
98,26,727109,2000,1082.1,1,0,-30900,3,4,0,0,1,1,65430,0,2001
175,36,155604,500,1185.44,1,44900,-52500,1,4,1,2,1,1,42680,1,2006
259,45,608443,2000,1175.07,1,30100,0,2,5,0,1,1,0,87780,0,2011
140,36,117862,2000,979.26,0,0,-67000,1,2,1,0,2,1,72800,0,1998
231,37,991553,500,920.81,0,0,0,1,6,1,2,0,0,71190,1,1997
186,38,727443,500,922.85,1,70300,-70900,4,6,0,1,1,1,3600,0,1999
229,41,378587,2000,1107.59,1,65400,0,1,1,0,1,3,0,62640,0,2009
180,36,420948,500,1272.46,1,0,0,2,7,1,2,1,0,69630,0,1998
188,33,457188,1000,1340.24,1,0,-68800,2,6,1,1,0,0,76010,1,1995
214,40,118236,1000,1648,1,57700,-43500,3,7,0,1,0,1,44220,0,2000
178,38,987524,500,1381.14,0,0,0,2,7,0,0,3,0,57200,0,2011
55,35,490596,500,1198.44,1,0,0,2,1,0,0,3,0,3080,0,1998
90,31,524215,2000,951.27,0,42100,0,3,6,1,1,0,1,75790,0,2007
135,30,913464,2000,1341.24,0,37100,-46500,2,2,0,0,1,0,32670,0,2003
277,46,398484,2000,1177.57,0,0,-65500,2,3,0,2,3,0,3870,0,2010
211,38,752504,1000,1055.09,0,0,0,3,1,0,0,3,1,91520,1,2005
156,32,449263,500,1479.48,1,0,0,1,7,1,1,3,1,74690,1,2008
84,30,844007,2000,1827.38,1,0,-15900,4,5,1,1,3,0,4620,0,1998
136,32,686522,500,1169.62,0,0,0,1,3,1,0,0,0,55000,1,2008
310,48,670142,500,1516.34,0,11000,0,1,5,1,0,2,0,59400,1,1996
123,34,607687,2000,1270.21,0,16100,-61200,3,1,0,1,1,0,55260,0,2000
243,44,967713,500,809.11,1,33200,0,2,5,0,2,1,1,51400,0,1996
36,37,291902,1000,1115.81,0,0,-59800,2,1,1,1,3,0,48780,0,2008
146,31,149839,1000,1457.65,0,0,0,1,2,0,1,3,0,52380,0,2010
154,34,840225,1000,1041.36,0,53100,-43900,3,6,0,2,3,1,74360,1,2005
204,40,643226,1000,1693.83,1,44000,-20800,2,7,0,1,0,0,53400,0,2003
458,59,535879,1000,1685.69,0,31400,0,3,6,0,2,2,1,71800,0,1995
147,31,746630,500,1054.92,0,51900,0,1,7,0,0,0,0,68240,1,2013
279,45,598308,2000,1333.97,0,61100,-30700,1,3,0,1,0,0,61050,1,2011
308,47,720356,1000,1013.61,0,45700,-41400,2,5,0,1,1,1,5590,0,2002
284,48,724752,500,958.3,0,47900,0,1,1,0,0,0,0,46860,0,1998
108,31,148498,2000,1112.04,0,52800,-54300,2,3,0,1,3,0,4290,0,1998
421,57,110122,2000,1206.26,0,69900,0,2,3,1,0,0,0,78500,0,2015
266,42,281388,1000,763.67,1,12800,-49700,3,7,1,1,3,1,70830,0,2005
412,56,728600,500,1042.56,1,0,-66100,3,5,0,0,2,0,68040,0,1997
31,32,231548,2000,1263.48,0,46800,-87300,1,6,0,2,0,0,63600,1,1997
465,63,531160,500,1006.99,0,0,0,2,1,0,0,3,0,43560,0,2015
126,31,889003,1000,1328.26,1,42300,-45800,3,6,0,1,1,0,60840,0,2011
407,55,193213,1000,1250.08,0,0,-57700,3,3,0,2,3,1,68160,0,2010
101,27,557218,500,982.7,0,30800,-43700,2,3,0,1,0,0,5170,0,2001
187,37,125591,1000,1412.06,0,60100,0,3,2,0,0,3,0,57700,0,2000
252,46,227244,2000,1066.7,0,0,0,3,4,0,0,2,0,89520,0,2014
229,43,791425,2000,1585.54,1,42600,-44400,2,6,0,1,0,1,4620,0,2012
246,39,354455,1000,1416.08,0,0,-36600,2,7,1,0,3,0,45180,0,2004
190,38,601042,500,1246.03,1,61900,-50000,3,2,1,0,0,0,45100,0,2013
95,32,433663,2000,1356.64,1,67800,-48600,3,5,1,0,3,1,83160,0,2003
205,42,471938,2000,1387.7,0,0,0,2,1,0,2,1,0,86130,0,1995
41,25,564654,1000,1004.14,1,35400,0,1,6,0,1,3,0,48000,0,1995
137,35,645723,500,1107.07,0,0,-45300,2,6,0,0,0,1,3300,0,2008
194,34,573572,500,1429.96,0,67800,0,2,4,0,1,2,1,57200,0,2005
128,35,437960,1000,1074.99,0,0,-48800,4,1,0,2,0,0,7590,0,2012
150,37,649800,1000,1007,0,30400,-89400,3,3,0,0,2,0,80080,0,2013
104,30,544225,500,1052.85,0,0,-70100,2,2,0,0,0,1,4800,0,2006
163,37,390256,1000,1200.33,0,0,-36400,2,5,0,2,1,1,3900,1,2008
80,26,488597,1000,1343,1,64600,0,2,3,0,0,0,0,90400,0,1995
65,29,133889,2000,1441.6,0,0,0,2,1,1,0,0,0,62900,0,1998
179,32,931901,1000,1433.42,0,53800,0,1,3,1,1,2,0,54200,1,2014
372,50,769475,2000,1368.57,0,0,0,1,4,0,2,2,1,51800,0,2003
398,55,844062,500,862.19,1,69400,0,4,4,0,2,3,0,6600,0,2012
213,35,844129,500,871.46,1,58500,-77700,3,7,1,2,0,1,74140,0,2007
79,25,732169,500,1863.04,0,53400,-35200,3,4,0,2,1,0,67800,0,1995
232,44,221854,2000,1181.64,1,25800,0,1,4,0,1,1,1,55400,1,2002
230,37,776950,1000,1060.74,1,0,-51500,1,1,1,2,3,0,49100,1,1996
234,41,291006,500,951.56,0,59400,-78600,1,2,0,2,1,0,98280,1,2007
240,40,845751,500,1533.71,0,0,-70900,3,4,1,0,2,0,66550,0,2008
143,33,889764,1000,1200.09,0,38400,-5700,1,3,0,2,2,0,70400,0,2002
266,42,929306,500,1093.83,1,0,-49600,1,5,0,1,1,0,53280,1,2015
89,32,515457,1000,988.93,0,27600,0,3,1,0,2,3,1,84590,0,1999
229,37,556270,1000,1331.94,0,0,-55400,3,1,0,0,2,1,54560,0,2004
245,40,908935,1000,1361.45,1,39300,0,2,4,1,0,2,1,82170,0,1999
50,44,525862,2000,1188.51,1,0,-65800,3,4,0,1,2,0,61100,0,2008
230,43,490514,2000,1101.83,1,28900,0,2,3,0,0,3,1,51900,1,2011
17,39,774895,1000,840.95,0,32500,-80800,4,3,0,2,1,0,3440,0,2002
163,36,974522,1000,1503.21,1,55700,-49900,3,5,1,2,1,0,51390,0,2013
29,32,669809,1000,1722.5,1,0,-21500,1,1,0,0,2,0,76900,0,1995
232,42,182953,500,944.03,1,0,-58400,2,2,1,2,3,0,77000,1,2015
235,39,836349,2000,1453.61,1,0,0,1,6,0,0,3,0,60320,1,2012
295,46,591269,500,1672.88,0,0,0,2,1,1,1,1,0,60700,0,1997
22,21,550127,1000,1248.05,0,37500,-54000,3,3,1,1,2,0,53280,0,2015
286,43,663190,500,1564.43,0,77500,-32800,2,7,0,2,2,1,34290,0,2013
257,44,109392,1000,1280.88,1,59400,-32200,3,2,0,0,1,0,46980,0,2002
94,26,215278,500,722.66,1,50300,0,1,5,1,1,2,1,36700,0,2010
124,28,674570,1000,1235.14,1,0,-32100,3,6,0,0,1,0,60200,0,2012
141,30,681486,1000,1347.04,1,0,-82100,2,4,0,1,2,1,6480,0,1996
3,38,941851,1000,1310.8,0,0,0,2,7,1,0,1,0,87200,0,2006
285,41,186934,1000,1436.79,0,70900,0,1,4,1,2,3,0,108480,0,2015
130,34,918516,500,1383.49,0,35100,0,2,3,0,2,3,1,67500,0,1996
458,62,533940,2000,1356.92,1,0,0,1,3,0,0,1,1,46980,0,1998
456,60,556080,1000,766.19,0,0,0,2,1,0,0,3,0,5060,0,2007
